SMITH,1.006,1.006,1
JOHNSON,0.810,1.816,2
WILLIAMS,0.699,2.515,3
JONES,0.621,3.136,4
BROWN,0.621,3.757,5
DAVIS,0.480,4.237,6
MILLER,0.424,4.660,7
WILSON,0.339,5.000,8
MOORE,0.312,5.312,9
TAYLOR,0.311,5.623,10
ANDERSON,0.311,5.934,11
THOMAS,0.311,6.245,12
JACKSON,0.310,6.554,13
WHITE,0.279,6.834,14
HARRIS,0.275,7.109,15
MARTIN,0.273,7.382,16
THOMPSON,0.269,7.651,17
GARCIA,0.254,7.905,18
MARTINEZ,0.234,8.140,19
ROBINSON,0.233,8.372,20
CLARK,0.231,8.603,21
RODRIGUEZ,0.229,8.832,22
LEWIS,0.226,9.058,23
LEE,0.220,9.278,24
WALKER,0.219,9.497,25
HALL,0.200,9.698,26
ALLEN,0.199,9.897,27
YOUNG,0.193,10.090,28
HERNANDEZ,0.192,10.282,29
KING,0.190,10.472,30
WRIGHT,0.189,10.662,31
LOPEZ,0.187,10.849,32
HILL,0.187,11.035,33
SCOTT,0.185,11.220,34
GREEN,0.183,11.403,35
ADAMS,0.174,11.577,36
BAKER,0.171,11.748,37
GONZALEZ,0.166,11.915,38
NELSON,0.162,12.077,39
CARTER,0.162,12.239,40
MITCHELL,0.160,12.399,41
PEREZ,0.155,12.554,42
ROBERTS,0.153,12.707,43
TURNER,0.152,12.859,44
PHILLIPS,0.149,13.008,45
CAMPBELL,0.149,13.157,46
PARKER,0.146,13.302,47
EVANS,0.141,13.443,48
EDWARDS,0.137,13.580,49
COLLINS,0.134,13.714,50
STEWART,0.133,13.847,51
SANCHEZ,0.130,13.977,52
MORRIS,0.125,14.102,53
ROGERS,0.123,14.225,54
REED,0.122,14.347,55
COOK,0.120,14.467,56
MORGAN,0.118,14.585,57
BELL,0.117,14.702,58
MURPHY,0.117,14.819,59
BAILEY,0.115,14.934,60
RIVERA,0.113,15.047,61
COOPER,0.113,15.160,62
RICHARDSON,0.112,15.272,63
COX,0.110,15.382,64
HOWARD,0.110,15.492,65
WARD,0.108,15.600,66
TORRES,0.108,15.708,67
PETERSON,0.107,15.815,68
GRAY,0.106,15.921,69
RAMIREZ,0.105,16.026,70
JAMES,0.105,16.131,71
WATSON,0.103,16.233,72
BROOKS,0.103,16.336,73
KELLY,0.102,16.438,74
SANDERS,0.100,16.537,75
PRICE,0.099,16.637,76
BENNETT,0.099,16.736,77
WOOD,0.098,16.834,78
BARNES,0.097,16.931,79
ROSS,0.096,17.027,80
HENDERSON,0.095,17.122,81
COLEMAN,0.095,17.217,82
JENKINS,0.095,17.312,83
PERRY,0.094,17.406,84
POWELL,0.093,17.499,85
LONG,0.092,17.591,86
PATTERSON,0.092,17.684,87
HUGHES,0.092,17.776,88
FLORES,0.092,17.868,89
WASHINGTON,0.092,17.959,90
BUTLER,0.091,18.050,91
SIMMONS,0.091,18.141,92
FOSTER,0.091,18.231,93
GONZALES,0.087,18.318,94
BRYANT,0.087,18.405,95
ALEXANDER,0.085,18.490,96
RUSSELL,0.085,18.574,97
GRIFFIN,0.084,18.659,98
DIAZ,0.084,18.742,99
HAYES,0.083,18.825,100
MYERS,0.083,18.908,101
FORD,0.082,18.990,102
HAMILTON,0.082,19.072,103
GRAHAM,0.082,19.154,104
SULLIVAN,0.081,19.234,105
WALLACE,0.081,19.315,106
WOODS,0.080,19.395,107
COLE,0.080,19.476,108
WEST,0.080,19.555,109
JORDAN,0.078,19.634,110
OWENS,0.078,19.711,111
REYNOLDS,0.078,19.789,112
FISHER,0.077,19.866,113
ELLIS,0.077,19.943,114
HARRISON,0.076,20.019,115
GIBSON,0.075,20.094,116
MCDONALD,0.075,20.169,117
CRUZ,0.075,20.244,118
MARSHALL,0.075,20.319,119
ORTIZ,0.075,20.394,120
GOMEZ,0.075,20.468,121
MURRAY,0.074,20.543,122
FREEMAN,0.074,20.617,123
WELLS,0.073,20.690,124
WEBB,0.072,20.762,125
SIMPSON,0.070,20.832,126
STEVENS,0.070,20.902,127
TUCKER,0.070,20.971,128
PORTER,0.069,21.041,129
HUNTER,0.069,21.110,130
HICKS,0.069,21.178,131
CRAWFORD,0.068,21.246,132
HENRY,0.068,21.314,133
BOYD,0.068,21.381,134
MASON,0.068,21.449,135
MORALES,0.067,21.516,136
KENNEDY,0.067,21.582,137
WARREN,0.067,21.649,138
DIXON,0.066,21.715,139
RAMOS,0.066,21.782,140
REYES,0.066,21.848,141
BURNS,0.065,21.913,142
GORDON,0.065,21.978,143
SHAW,0.065,22.043,144
HOLMES,0.065,22.108,145
RICE,0.064,22.172,146
ROBERTSON,0.064,22.236,147
HUNT,0.063,22.299,148
BLACK,0.063,22.362,149
DANIELS,0.062,22.425,150
PALMER,0.062,22.487,151
MILLS,0.061,22.547,152
NICHOLS,0.060,22.607,153
GRANT,0.060,22.667,154
KNIGHT,0.060,22.727,155
FERGUSON,0.059,22.786,156
ROSE,0.059,22.845,157
STONE,0.059,22.904,158
HAWKINS,0.059,22.963,159
DUNN,0.058,23.022,160
PERKINS,0.058,23.079,161
HUDSON,0.058,23.137,162
SPENCER,0.057,23.194,163
GARDNER,0.057,23.251,164
STEPHENS,0.057,23.308,165
PAYNE,0.057,23.365,166
PIERCE,0.056,23.421,167
BERRY,0.056,23.477,168
MATTHEWS,0.056,23.533,169
ARNOLD,0.056,23.589,170
WAGNER,0.055,23.645,171
WILLIS,0.055,23.700,172
RAY,0.055,23.755,173
WATKINS,0.055,23.811,174
OLSON,0.055,23.866,175
CARROLL,0.055,23.921,176
DUNCAN,0.055,23.976,177
SNYDER,0.055,24.031,178
HART,0.054,24.086,179
CUNNINGHAM,0.054,24.140,180
BRADLEY,0.054,24.194,181
LANE,0.054,24.247,182
ANDREWS,0.054,24.301,183
RUIZ,0.054,24.355,184
HARPER,0.054,24.408,185
FOX,0.053,24.462,186
RILEY,0.053,24.515,187
ARMSTRONG,0.053,24.568,188
CARPENTER,0.053,24.621,189
WEAVER,0.053,24.673,190
GREENE,0.053,24.726,191
LAWRENCE,0.052,24.779,192
ELLIOTT,0.052,24.831,193
CHAVEZ,0.052,24.883,194
SIMS,0.052,24.936,195
AUSTIN,0.052,24.988,196
PETERS,0.052,25.040,197
KELLEY,0.052,25.092,198
FRANKLIN,0.051,25.143,199
LAWSON,0.051,25.195,200
FIELDS,0.051,25.246,201
GUTIERREZ,0.051,25.297,202
RYAN,0.051,25.348,203
SCHMIDT,0.051,25.400,204
CARR,0.051,25.451,205
VASQUEZ,0.051,25.502,206
CASTILLO,0.051,25.552,207
WHEELER,0.051,25.603,208
CHAPMAN,0.050,25.653,209
OLIVER,0.050,25.703,210
MONTGOMERY,0.049,25.753,211
RICHARDS,0.049,25.802,212
WILLIAMSON,0.049,25.851,213
JOHNSTON,0.049,25.900,214
BANKS,0.048,25.948,215
MEYER,0.048,25.996,216
BISHOP,0.048,26.045,217
MCCOY,0.048,26.093,218
HOWELL,0.048,26.140,219
ALVAREZ,0.048,26.188,220
MORRISON,0.048,26.235,221
HANSEN,0.047,26.283,222
FERNANDEZ,0.047,26.330,223
GARZA,0.047,26.377,224
HARVEY,0.047,26.424,225
LITTLE,0.046,26.470,226
BURTON,0.046,26.516,227
STANLEY,0.046,26.562,228
NGUYEN,0.046,26.608,229
GEORGE,0.046,26.653,230
JACOBS,0.046,26.699,231
REID,0.046,26.745,232
KIM,0.045,26.790,233
FULLER,0.045,26.835,234
LYNCH,0.045,26.880,235
DEAN,0.045,26.925,236
GILBERT,0.045,26.970,237
GARRETT,0.045,27.015,238
ROMERO,0.045,27.059,239
WELCH,0.044,27.104,240
LARSON,0.044,27.148,241
FRAZIER,0.044,27.192,242
BURKE,0.044,27.235,243
HANSON,0.043,27.279,244
DAY,0.043,27.322,245
MENDOZA,0.043,27.365,246
MORENO,0.043,27.407,247
BOWMAN,0.043,27.450,248
MEDINA,0.042,27.492,249
FOWLER,0.042,27.535,250
BREWER,0.042,27.577,251
HOFFMAN,0.042,27.619,252
CARLSON,0.042,27.661,253
SILVA,0.042,27.703,254
PEARSON,0.042,27.744,255
HOLLAND,0.042,27.786,256
DOUGLAS,0.041,27.827,257
FLEMING,0.041,27.868,258
JENSEN,0.041,27.909,259
VARGAS,0.041,27.950,260
BYRD,0.041,27.991,261
DAVIDSON,0.041,28.032,262
HOPKINS,0.041,28.072,263
MAY,0.040,28.113,264
TERRY,0.040,28.153,265
HERRERA,0.040,28.193,266
WADE,0.040,28.233,267
SOTO,0.040,28.273,268
WALTERS,0.040,28.313,269
CURTIS,0.040,28.352,270
NEAL,0.039,28.392,271
CALDWELL,0.039,28.431,272
LOWE,0.039,28.471,273
JENNINGS,0.039,28.510,274
BARNETT,0.039,28.549,275
GRAVES,0.039,28.588,276
JIMENEZ,0.039,28.628,277
HORTON,0.039,28.667,278
SHELTON,0.039,28.706,279
BARRETT,0.039,28.745,280
OBRIEN,0.039,28.783,281
CASTRO,0.039,28.822,282
SUTTON,0.038,28.860,283
GREGORY,0.038,28.899,284
MCKINNEY,0.038,28.937,285
LUCAS,0.038,28.975,286
MILES,0.038,29.013,287
CRAIG,0.038,29.051,288
RODRIQUEZ,0.037,29.088,289
CHAMBERS,0.037,29.126,290
HOLT,0.037,29.163,291
LAMBERT,0.037,29.200,292
FLETCHER,0.037,29.237,293
WATTS,0.037,29.274,294
BATES,0.037,29.311,295
HALE,0.037,29.348,296
RHODES,0.037,29.385,297
PENA,0.037,29.421,298
BECK,0.037,29.458,299
NEWMAN,0.036,29.494,300
HAYNES,0.036,29.531,301
MCDANIEL,0.036,29.567,302
MENDEZ,0.036,29.603,303
BUSH,0.036,29.639,304
VAUGHN,0.036,29.675,305
PARKS,0.035,29.711,306
DAWSON,0.035,29.746,307
SANTIAGO,0.035,29.781,308
NORRIS,0.035,29.817,309
HARDY,0.035,29.852,310
LOVE,0.035,29.887,311
STEELE,0.035,29.921,312
CURRY,0.035,29.956,313
POWERS,0.035,29.991,314
SCHULTZ,0.035,30.025,315
BARKER,0.035,30.060,316
GUZMAN,0.034,30.094,317
PAGE,0.034,30.129,318
MUNOZ,0.034,30.163,319
BALL,0.034,30.197,320
KELLER,0.034,30.231,321
CHANDLER,0.034,30.265,322
WEBER,0.034,30.299,323
LEONARD,0.034,30.333,324
WALSH,0.033,30.366,325
LYONS,0.033,30.400,326
RAMSEY,0.033,30.433,327
WOLFE,0.033,30.466,328
SCHNEIDER,0.033,30.499,329
MULLINS,0.033,30.532,330
BENSON,0.033,30.565,331
SHARP,0.033,30.598,332
BOWEN,0.033,30.631,333
DANIEL,0.033,30.663,334
BARBER,0.032,30.696,335
CUMMINGS,0.032,30.728,336
HINES,0.032,30.760,337
BALDWIN,0.032,30.793,338
GRIFFITH,0.032,30.824,339
VALDEZ,0.032,30.856,340
HUBBARD,0.032,30.888,341
SALAZAR,0.032,30.920,342
REEVES,0.032,30.951,343
WARNER,0.031,30.983,344
STEVENSON,0.031,31.014,345
BURGESS,0.031,31.045,346
SANTOS,0.031,31.076,347
TATE,0.031,31.107,348
CROSS,0.031,31.138,349
GARNER,0.031,31.169,350
MANN,0.031,31.200,351
MACK,0.031,31.231,352
MOSS,0.031,31.262,353
THORNTON,0.031,31.292,354
DENNIS,0.031,31.323,355
MCGEE,0.031,31.354,356
FARMER,0.030,31.384,357
DELGADO,0.030,31.415,358
AGUILAR,0.030,31.445,359
VEGA,0.030,31.475,360
GLOVER,0.030,31.505,361
MANNING,0.030,31.535,362
COHEN,0.030,31.566,363
HARMON,0.030,31.596,364
RODGERS,0.030,31.626,365
ROBBINS,0.030,31.656,366
NEWTON,0.030,31.686,367
TODD,0.030,31.716,368
BLAIR,0.030,31.746,369
HIGGINS,0.030,31.776,370
INGRAM,0.030,31.806,371
REESE,0.030,31.836,372
CANNON,0.030,31.865,373
STRICKLAND,0.030,31.895,374
TOWNSEND,0.030,31.925,375
POTTER,0.030,31.955,376
GOODWIN,0.030,31.984,377
WALTON,0.030,32.014,378
ROWE,0.029,32.043,379
HAMPTON,0.029,32.073,380
ORTEGA,0.029,32.102,381
PATTON,0.029,32.131,382
SWANSON,0.029,32.161,383
JOSEPH,0.029,32.190,384
FRANCIS,0.029,32.219,385
GOODMAN,0.029,32.248,386
MALDONADO,0.029,32.277,387
YATES,0.029,32.305,388
BECKER,0.029,32.334,389
ERICKSON,0.029,32.363,390
HODGES,0.029,32.392,391
RIOS,0.029,32.421,392
CONNER,0.029,32.449,393
ADKINS,0.029,32.478,394
WEBSTER,0.028,32.506,395
NORMAN,0.028,32.535,396
MALONE,0.028,32.563,397
HAMMOND,0.028,32.591,398
FLOWERS,0.028,32.620,399
COBB,0.028,32.648,400
MOODY,0.028,32.676,401
QUINN,0.028,32.704,402
BLAKE,0.028,32.732,403
MAXWELL,0.028,32.759,404
POPE,0.028,32.787,405
FLOYD,0.027,32.814,406
OSBORNE,0.027,32.842,407
PAUL,0.027,32.869,408
MCCARTHY,0.027,32.896,409
GUERRERO,0.027,32.924,410
LINDSEY,0.027,32.951,411
ESTRADA,0.027,32.978,412
SANDOVAL,0.027,33.005,413
GIBBS,0.027,33.032,414
TYLER,0.027,33.059,415
GROSS,0.027,33.086,416
FITZGERALD,0.027,33.113,417
STOKES,0.027,33.140,418
DOYLE,0.027,33.167,419
SHERMAN,0.027,33.193,420
SAUNDERS,0.027,33.220,421
WISE,0.027,33.247,422
COLON,0.027,33.274,423
GILL,0.027,33.300,424
ALVARADO,0.027,33.327,425
GREER,0.026,33.353,426
PADILLA,0.026,33.380,427
SIMON,0.026,33.406,428
WATERS,0.026,33.432,429
NUNEZ,0.026,33.459,430
BALLARD,0.026,33.485,431
SCHWARTZ,0.026,33.511,432
MCBRIDE,0.026,33.536,433
HOUSTON,0.026,33.562,434
CHRISTENSEN,0.026,33.588,435
KLEIN,0.026,33.614,436
PRATT,0.026,33.640,437
BRIGGS,0.026,33.666,438
PARSONS,0.026,33.692,439
MCLAUGHLIN,0.026,33.717,440
ZIMMERMAN,0.026,33.743,441
FRENCH,0.026,33.769,442
BUCHANAN,0.026,33.794,443
MORAN,0.026,33.820,444
COPELAND,0.025,33.845,445
ROY,0.025,33.871,446
PITTMAN,0.025,33.896,447
BRADY,0.025,33.922,448
MCCORMICK,0.025,33.947,449
HOLLOWAY,0.025,33.972,450
BROCK,0.025,33.998,451
POOLE,0.025,34.023,452
FRANK,0.025,34.048,453
LOGAN,0.025,34.073,454
OWEN,0.025,34.098,455
BASS,0.025,34.122,456
MARSH,0.025,34.147,457
DRAKE,0.025,34.172,458
WONG,0.025,34.197,459
JEFFERSON,0.025,34.221,460
PARK,0.025,34.246,461
MORTON,0.025,34.271,462
ABBOTT,0.025,34.295,463
SPARKS,0.025,34.320,464
PATRICK,0.024,34.344,465
NORTON,0.024,34.369,466
HUFF,0.024,34.393,467
CLAYTON,0.024,34.417,468
MASSEY,0.024,34.442,469
LLOYD,0.024,34.466,470
FIGUEROA,0.024,34.490,471
CARSON,0.024,34.514,472
BOWERS,0.024,34.538,473
ROBERSON,0.024,34.563,474
BARTON,0.024,34.587,475
TRAN,0.024,34.611,476
LAMB,0.024,34.635,477
HARRINGTON,0.024,34.659,478
CASEY,0.024,34.683,479
BOONE,0.024,34.706,480
CORTEZ,0.024,34.730,481
CLARKE,0.024,34.754,482
MATHIS,0.024,34.778,483
SINGLETON,0.024,34.801,484
WILKINS,0.024,34.825,485
CAIN,0.024,34.849,486
BRYAN,0.024,34.872,487
UNDERWOOD,0.024,34.896,488
HOGAN,0.024,34.920,489
MCKENZIE,0.023,34.943,490
COLLIER,0.023,34.966,491
LUNA,0.023,34.990,492
PHELPS,0.023,35.013,493
MCGUIRE,0.023,35.036,494
ALLISON,0.023,35.059,495
BRIDGES,0.023,35.083,496
WILKERSON,0.023,35.106,497
NASH,0.023,35.129,498
SUMMERS,0.023,35.152,499
ATKINS,0.023,35.175,500
WILCOX,0.023,35.198,501
PITTS,0.023,35.221,502
CONLEY,0.023,35.244,503
MARQUEZ,0.023,35.267,504
BURNETT,0.023,35.290,505
RICHARD,0.023,35.313,506
COCHRAN,0.023,35.335,507
CHASE,0.023,35.358,508
DAVENPORT,0.023,35.381,509
HOOD,0.023,35.404,510
GATES,0.023,35.427,511
CLAY,0.023,35.449,512
AYALA,0.023,35.472,513
SAWYER,0.023,35.495,514
ROMAN,0.023,35.517,515
VAZQUEZ,0.023,35.540,516
DICKERSON,0.023,35.562,517
HODGE,0.022,35.585,518
ACOSTA,0.022,35.607,519
FLYNN,0.022,35.630,520
ESPINOZA,0.022,35.652,521
NICHOLSON,0.022,35.675,522
MONROE,0.022,35.697,523
WOLF,0.022,35.719,524
MORROW,0.022,35.741,525
KIRK,0.022,35.763,526
RANDALL,0.022,35.785,527
ANTHONY,0.022,35.807,528
WHITAKER,0.022,35.829,529
OCONNOR,0.022,35.851,530
SKINNER,0.022,35.873,531
WARE,0.022,35.895,532
MOLINA,0.022,35.916,533
KIRBY,0.022,35.938,534
HUFFMAN,0.022,35.960,535
BRADFORD,0.022,35.982,536
CHARLES,0.022,36.003,537
GILMORE,0.022,36.025,538
DOMINGUEZ,0.022,36.046,539
ONEAL,0.022,36.068,540
BRUCE,0.022,36.090,541
LANG,0.021,36.111,542
COMBS,0.021,36.132,543
KRAMER,0.021,36.154,544
HEATH,0.021,36.175,545
HANCOCK,0.021,36.196,546
GALLAGHER,0.021,36.218,547
GAINES,0.021,36.239,548
SHAFFER,0.021,36.260,549
SHORT,0.021,36.281,550
WIGGINS,0.021,36.302,551
MATHEWS,0.021,36.323,552
MCCLAIN,0.021,36.344,553
FISCHER,0.021,36.365,554
WALL,0.021,36.386,555
SMALL,0.021,36.407,556
MELTON,0.021,36.428,557
HENSLEY,0.021,36.449,558
BOND,0.021,36.470,559
DYER,0.021,36.491,560
CAMERON,0.021,36.511,561
GRIMES,0.021,36.532,562
CONTRERAS,0.021,36.553,563
CHRISTIAN,0.021,36.573,564
WYATT,0.021,36.594,565
BAXTER,0.021,36.615,566
SNOW,0.021,36.635,567
MOSLEY,0.021,36.656,568
SHEPHERD,0.021,36.677,569
LARSEN,0.021,36.697,570
HOOVER,0.021,36.718,571
BEASLEY,0.020,36.738,572
GLENN,0.020,36.758,573
PETERSEN,0.020,36.779,574
WHITEHEAD,0.020,36.799,575
MEYERS,0.020,36.819,576
KEITH,0.020,36.840,577
GARRISON,0.020,36.860,578
VINCENT,0.020,36.880,579
SHIELDS,0.020,36.900,580
HORN,0.020,36.920,581
SAVAGE,0.020,36.941,582
OLSEN,0.020,36.961,583
SCHROEDER,0.020,36.981,584
HARTMAN,0.020,37.001,585
WOODARD,0.020,37.021,586
MUELLER,0.020,37.041,587
KEMP,0.020,37.061,588
DELEON,0.020,37.081,589
BOOTH,0.020,37.101,590
PATEL,0.020,37.121,591
CALHOUN,0.020,37.140,592
WILEY,0.020,37.160,593
EATON,0.020,37.180,594
CLINE,0.020,37.200,595
NAVARRO,0.020,37.220,596
HARRELL,0.020,37.240,597
LESTER,0.020,37.259,598
HUMPHREY,0.020,37.279,599
PARRISH,0.020,37.299,600
DURAN,0.020,37.318,601
HUTCHINSON,0.020,37.338,602
HESS,0.020,37.358,603
DORSEY,0.020,37.377,604
BULLOCK,0.020,37.397,605
ROBLES,0.020,37.416,606
BEARD,0.019,37.436,607
DALTON,0.019,37.455,608
AVILA,0.019,37.475,609
VANCE,0.019,37.494,610
RICH,0.019,37.514,611
BLACKWELL,0.019,37.533,612
YORK,0.019,37.552,613
JOHNS,0.019,37.572,614
BLANKENSHIP,0.019,37.591,615
TREVINO,0.019,37.610,616
SALINAS,0.019,37.630,617
CAMPOS,0.019,37.649,618
PRUITT,0.019,37.668,619
MOSES,0.019,37.688,620
CALLAHAN,0.019,37.707,621
GOLDEN,0.019,37.726,622
MONTOYA,0.019,37.745,623
HARDIN,0.019,37.764,624
GUERRA,0.019,37.783,625
MCDOWELL,0.019,37.802,626
CAREY,0.019,37.821,627
STAFFORD,0.019,37.840,628
GALLEGOS,0.019,37.859,629
HENSON,0.019,37.878,630
WILKINSON,0.019,37.897,631
BOOKER,0.019,37.916,632
MERRITT,0.019,37.935,633
MIRANDA,0.019,37.953,634
ATKINSON,0.019,37.972,635
ORR,0.019,37.991,636
DECKER,0.019,38.010,637
HOBBS,0.019,38.028,638
PRESTON,0.019,38.047,639
TANNER,0.019,38.066,640
KNOX,0.019,38.084,641
PACHECO,0.019,38.103,642
STEPHENSON,0.018,38.121,643
GLASS,0.018,38.140,644
ROJAS,0.018,38.158,645
SERRANO,0.018,38.176,646
MARKS,0.018,38.195,647
HICKMAN,0.018,38.213,648
ENGLISH,0.018,38.231,649
SWEENEY,0.018,38.249,650
STRONG,0.018,38.267,651
PRINCE,0.018,38.285,652
MCCLURE,0.018,38.304,653
CONWAY,0.018,38.322,654
WALTER,0.018,38.340,655
ROTH,0.018,38.358,656
MAYNARD,0.018,38.376,657
FARRELL,0.018,38.394,658
LOWERY,0.018,38.411,659
HURST,0.018,38.429,660
NIXON,0.018,38.447,661
WEISS,0.018,38.465,662
TRUJILLO,0.018,38.483,663
ELLISON,0.018,38.500,664
SLOAN,0.018,38.518,665
JUAREZ,0.018,38.536,666
WINTERS,0.018,38.553,667
MCLEAN,0.018,38.571,668
RANDOLPH,0.018,38.588,669
LEON,0.018,38.606,670
BOYER,0.018,38.624,671
VILLARREAL,0.018,38.641,672
MCCALL,0.018,38.659,673
GENTRY,0.018,38.676,674
CARRILLO,0.017,38.694,675
KENT,0.017,38.711,676
AYERS,0.017,38.729,677
LARA,0.017,38.746,678
SHANNON,0.017,38.763,679
SEXTON,0.017,38.781,680
PACE,0.017,38.798,681
HULL,0.017,38.815,682
LEBLANC,0.017,38.833,683
BROWNING,0.017,38.850,684
VELASQUEZ,0.017,38.867,685
LEACH,0.017,38.884,686
CHANG,0.017,38.901,687
HOUSE,0.017,38.918,688
SELLERS,0.017,38.936,689
HERRING,0.017,38.953,690
NOBLE,0.017,38.970,691
FOLEY,0.017,38.987,692
BARTLETT,0.017,39.004,693
MERCADO,0.017,39.021,694
LANDRY,0.017,39.037,695
DURHAM,0.017,39.054,696
WALLS,0.017,39.071,697
BARR,0.017,39.088,698
MCKEE,0.017,39.105,699
BAUER,0.017,39.122,700
RIVERS,0.017,39.139,701
EVERETT,0.017,39.155,702
BRADSHAW,0.017,39.172,703
PUGH,0.017,39.189,704
VELEZ,0.017,39.206,705
RUSH,0.017,39.222,706
ESTES,0.017,39.239,707
DODSON,0.017,39.255,708
MORSE,0.017,39.272,709
SHEPPARD,0.017,39.289,710
WEEKS,0.017,39.305,711
CAMACHO,0.017,39.322,712
BEAN,0.017,39.338,713
BARRON,0.017,39.355,714
LIVINGSTON,0.017,39.371,715
MIDDLETON,0.016,39.388,716
SPEARS,0.016,39.404,717
BRANCH,0.016,39.420,718
BLEVINS,0.016,39.437,719
CHEN,0.016,39.453,720
KERR,0.016,39.469,721
MCCONNELL,0.016,39.486,722
HATFIELD,0.016,39.502,723
HARDING,0.016,39.518,724
ASHLEY,0.016,39.535,725
SOLIS,0.016,39.551,726
HERMAN,0.016,39.567,727
FROST,0.016,39.583,728
GILES,0.016,39.599,729
BLACKBURN,0.016,39.616,730
WILLIAM,0.016,39.632,731
PENNINGTON,0.016,39.648,732
WOODWARD,0.016,39.664,733
FINLEY,0.016,39.680,734
MCINTOSH,0.016,39.696,735
KOCH,0.016,39.713,736
BEST,0.016,39.729,737
SOLOMON,0.016,39.745,738
MCCULLOUGH,0.016,39.761,739
DUDLEY,0.016,39.777,740
NOLAN,0.016,39.793,741
BLANCHARD,0.016,39.809,742
RIVAS,0.016,39.825,743
BRENNAN,0.016,39.841,744
MEJIA,0.016,39.856,745
KANE,0.016,39.872,746
BENTON,0.016,39.888,747
JOYCE,0.016,39.904,748
BUCKLEY,0.016,39.920,749
HALEY,0.016,39.936,750
VALENTINE,0.016,39.952,751
MADDOX,0.016,39.967,752
RUSSO,0.016,39.983,753
MCKNIGHT,0.016,39.999,754
BUCK,0.016,40.015,755
MOON,0.016,40.030,756
MCMILLAN,0.016,40.046,757
CROSBY,0.016,40.062,758
BERG,0.016,40.077,759
DOTSON,0.016,40.093,760
MAYS,0.016,40.109,761
ROACH,0.016,40.124,762
CHURCH,0.016,40.140,763
CHAN,0.016,40.155,764
RICHMOND,0.016,40.171,765
MEADOWS,0.016,40.187,766
FAULKNER,0.016,40.202,767
ONEILL,0.016,40.218,768
KNAPP,0.016,40.233,769
KLINE,0.015,40.248,770
BARRY,0.015,40.264,771
OCHOA,0.015,40.279,772
JACOBSON,0.015,40.295,773
GAY,0.015,40.310,774
AVERY,0.015,40.326,775
HENDRICKS,0.015,40.341,776
HORNE,0.015,40.356,777
SHEPARD,0.015,40.372,778
HEBERT,0.015,40.387,779
CHERRY,0.015,40.402,780
CARDENAS,0.015,40.418,781
MCINTYRE,0.015,40.433,782
WHITNEY,0.015,40.448,783
WALLER,0.015,40.463,784
HOLMAN,0.015,40.478,785
DONALDSON,0.015,40.494,786
CANTU,0.015,40.509,787
TERRELL,0.015,40.524,788
MORIN,0.015,40.539,789
GILLESPIE,0.015,40.555,790
FUENTES,0.015,40.570,791
TILLMAN,0.015,40.585,792
SANFORD,0.015,40.600,793
BENTLEY,0.015,40.615,794
PECK,0.015,40.630,795
KEY,0.015,40.645,796
SALAS,0.015,40.660,797
ROLLINS,0.015,40.676,798
GAMBLE,0.015,40.691,799
DICKSON,0.015,40.706,800
BATTLE,0.015,40.721,801
SANTANA,0.015,40.736,802
CABRERA,0.015,40.751,803
CERVANTES,0.015,40.766,804
HOWE,0.015,40.781,805
HINTON,0.015,40.796,806
HURLEY,0.015,40.811,807
SPENCE,0.015,40.825,808
ZAMORA,0.015,40.840,809
YANG,0.015,40.855,810
MCNEIL,0.015,40.870,811
SUAREZ,0.015,40.885,812
CASE,0.015,40.900,813
PETTY,0.015,40.915,814
GOULD,0.015,40.929,815
MCFARLAND,0.015,40.944,816
SAMPSON,0.015,40.959,817
CARVER,0.015,40.974,818
BRAY,0.015,40.989,819
ROSARIO,0.015,41.003,820
MACDONALD,0.015,41.018,821
STOUT,0.015,41.033,822
HESTER,0.015,41.047,823
MELENDEZ,0.015,41.062,824
DILLON,0.015,41.077,825
FARLEY,0.015,41.091,826
HOPPER,0.015,41.106,827
GALLOWAY,0.015,41.121,828
POTTS,0.015,41.135,829
BERNARD,0.015,41.150,830
JOYNER,0.014,41.164,831
STEIN,0.014,41.179,832
AGUIRRE,0.014,41.193,833
OSBORN,0.014,41.208,834
MERCER,0.014,41.222,835
BENDER,0.014,41.236,836
FRANCO,0.014,41.251,837
ROWLAND,0.014,41.265,838
SYKES,0.014,41.280,839
BENJAMIN,0.014,41.294,840
TRAVIS,0.014,41.308,841
PICKETT,0.014,41.323,842
CRANE,0.014,41.337,843
SEARS,0.014,41.351,844
MAYO,0.014,41.365,845
DUNLAP,0.014,41.379,846
HAYDEN,0.014,41.394,847
WILDER,0.014,41.408,848
MCKAY,0.014,41.422,849
COFFEY,0.014,41.436,850
MCCARTY,0.014,41.450,851
EWING,0.014,41.464,852
COOLEY,0.014,41.478,853
VAUGHAN,0.014,41.492,854
BONNER,0.014,41.506,855
COTTON,0.014,41.520,856
HOLDER,0.014,41.534,857
STARK,0.014,41.548,858
FERRELL,0.014,41.562,859
CANTRELL,0.014,41.575,860
FULTON,0.014,41.589,861
LYNN,0.014,41.603,862
LOTT,0.014,41.617,863
CALDERON,0.014,41.631,864
ROSA,0.014,41.644,865
POLLARD,0.014,41.658,866
HOOPER,0.014,41.672,867
BURCH,0.014,41.686,868
MULLEN,0.014,41.700,869
FRY,0.014,41.713,870
RIDDLE,0.014,41.727,871
LEVY,0.014,41.741,872
DAVID,0.014,41.754,873
DUKE,0.014,41.768,874
ODONNELL,0.014,41.782,875
GUY,0.014,41.795,876
MICHAEL,0.014,41.809,877
BRITT,0.014,41.823,878
FREDERICK,0.014,41.836,879
DAUGHERTY,0.014,41.850,880
BERGER,0.014,41.864,881
DILLARD,0.014,41.877,882
ALSTON,0.014,41.891,883
JARVIS,0.014,41.904,884
FRYE,0.014,41.918,885
RIGGS,0.014,41.932,886
CHANEY,0.014,41.945,887
ODOM,0.013,41.959,888
DUFFY,0.013,41.972,889
FITZPATRICK,0.013,41.986,890
VALENZUELA,0.013,41.999,891
MERRILL,0.013,42.012,892
MAYER,0.013,42.026,893
ALFORD,0.013,42.039,894
MCPHERSON,0.013,42.053,895
ACEVEDO,0.013,42.066,896
DONOVAN,0.013,42.079,897
BARRERA,0.013,42.093,898
ALBERT,0.013,42.106,899
COTE,0.013,42.119,900
REILLY,0.013,42.133,901
COMPTON,0.013,42.146,902
RAYMOND,0.013,42.159,903
MOONEY,0.013,42.173,904
MCGOWAN,0.013,42.186,905
CRAFT,0.013,42.199,906
CLEVELAND,0.013,42.212,907
CLEMONS,0.013,42.226,908
WYNN,0.013,42.239,909
NIELSEN,0.013,42.252,910
BAIRD,0.013,42.265,911
STANTON,0.013,42.278,912
SNIDER,0.013,42.292,913
ROSALES,0.013,42.305,914
BRIGHT,0.013,42.318,915
WITT,0.013,42.331,916
STUART,0.013,42.344,917
HAYS,0.013,42.357,918
HOLDEN,0.013,42.371,919
RUTLEDGE,0.013,42.384,920
KINNEY,0.013,42.397,921
CLEMENTS,0.013,42.410,922
CASTANEDA,0.013,42.423,923
SLATER,0.013,42.436,924
HAHN,0.013,42.449,925
EMERSON,0.013,42.462,926
CONRAD,0.013,42.475,927
BURKS,0.013,42.488,928
DELANEY,0.013,42.501,929
PATE,0.013,42.514,930
LANCASTER,0.013,42.527,931
SWEET,0.013,42.540,932
JUSTICE,0.013,42.552,933
TYSON,0.013,42.565,934
SHARPE,0.013,42.578,935
WHITFIELD,0.013,42.591,936
TALLEY,0.013,42.604,937
MACIAS,0.013,42.617,938
IRWIN,0.013,42.629,939
BURRIS,0.013,42.642,940
RATLIFF,0.013,42.655,941
MCCRAY,0.013,42.668,942
MADDEN,0.013,42.681,943
KAUFMAN,0.013,42.693,944
BEACH,0.013,42.706,945
GOFF,0.013,42.719,946
CASH,0.013,42.732,947
BOLTON,0.013,42.744,948
MCFADDEN,0.013,42.757,949
LEVINE,0.013,42.770,950
GOOD,0.013,42.782,951
BYERS,0.013,42.795,952
KIRKLAND,0.013,42.808,953
KIDD,0.013,42.821,954
WORKMAN,0.013,42.833,955
CARNEY,0.013,42.846,956
DALE,0.013,42.859,957
MCLEOD,0.013,42.871,958
HOLCOMB,0.013,42.884,959
ENGLAND,0.013,42.896,960
FINCH,0.013,42.909,961
HEAD,0.012,42.921,962
BURT,0.012,42.934,963
HENDRIX,0.012,42.946,964
SOSA,0.012,42.959,965
HANEY,0.012,42.971,966
FRANKS,0.012,42.984,967
SARGENT,0.012,42.996,968
NIEVES,0.012,43.009,969
DOWNS,0.012,43.021,970
RASMUSSEN,0.012,43.033,971
BIRD,0.012,43.046,972
HEWITT,0.012,43.058,973
LINDSAY,0.012,43.071,974
LE,0.012,43.083,975
FOREMAN,0.012,43.095,976
VALENCIA,0.012,43.108,977
ONEIL,0.012,43.120,978
DELACRUZ,0.012,43.132,979
VINSON,0.012,43.145,980
DEJESUS,0.012,43.157,981
HYDE,0.012,43.169,982
FORBES,0.012,43.182,983
GILLIAM,0.012,43.194,984
GUTHRIE,0.012,43.206,985
WOOTEN,0.012,43.218,986
HUBER,0.012,43.231,987
BARLOW,0.012,43.243,988
BOYLE,0.012,43.255,989
MCMAHON,0.012,43.267,990
BUCKNER,0.012,43.279,991
ROCHA,0.012,43.291,992
PUCKETT,0.012,43.303,993
LANGLEY,0.012,43.315,994
KNOWLES,0.012,43.328,995
COOKE,0.012,43.340,996
VELAZQUEZ,0.012,43.352,997
WHITLEY,0.012,43.364,998
NOEL,0.012,43.376,999
VANG,0.012,43.388,1000
SHEA,0.012,43.399,1001
ROUSE,0.012,43.411,1002
HARTLEY,0.012,43.423,1003
MAYFIELD,0.012,43.435,1004
ELDER,0.012,43.447,1005
RANKIN,0.012,43.459,1006
HANNA,0.012,43.471,1007
COWAN,0.012,43.483,1008
LUCERO,0.012,43.495,1009
ARROYO,0.012,43.507,1010
SLAUGHTER,0.012,43.519,1011
HAAS,0.012,43.531,1012
OCONNELL,0.012,43.542,1013
MINOR,0.012,43.554,1014
KENDRICK,0.012,43.566,1015
SHIRLEY,0.012,43.578,1016
KENDALL,0.012,43.590,1017
BOUCHER,0.012,43.602,1018
ARCHER,0.012,43.613,1019
BOGGS,0.012,43.625,1020
ODELL,0.012,43.637,1021
DOUGHERTY,0.012,43.649,1022
ANDERSEN,0.012,43.661,1023
NEWELL,0.012,43.672,1024
CROWE,0.012,43.684,1025
WANG,0.012,43.696,1026
FRIEDMAN,0.012,43.708,1027
BLAND,0.012,43.719,1028
SWAIN,0.012,43.731,1029
HOLLEY,0.012,43.743,1030
FELIX,0.012,43.754,1031
PEARCE,0.012,43.766,1032
CHILDS,0.012,43.778,1033
YARBROUGH,0.012,43.789,1034
GALVAN,0.012,43.801,1035
PROCTOR,0.012,43.812,1036
MEEKS,0.012,43.824,1037
LOZANO,0.012,43.836,1038
MORA,0.012,43.847,1039
RANGEL,0.012,43.859,1040
BACON,0.012,43.870,1041
VILLANUEVA,0.012,43.882,1042
SCHAEFER,0.012,43.893,1043
ROSADO,0.012,43.905,1044
HELMS,0.012,43.917,1045
BOYCE,0.012,43.928,1046
GOSS,0.012,43.940,1047
STINSON,0.011,43.951,1048
SMART,0.011,43.963,1049
LAKE,0.011,43.974,1050
IBARRA,0.011,43.986,1051
HUTCHINS,0.011,43.997,1052
COVINGTON,0.011,44.009,1053
REYNA,0.011,44.020,1054
GREGG,0.011,44.032,1055
WERNER,0.011,44.043,1056
CROWLEY,0.011,44.054,1057
HATCHER,0.011,44.066,1058
MACKEY,0.011,44.077,1059
BUNCH,0.011,44.089,1060
WOMACK,0.011,44.100,1061
POLK,0.011,44.111,1062
JAMISON,0.011,44.123,1063
DODD,0.011,44.134,1064
CHILDRESS,0.011,44.146,1065
CHILDERS,0.011,44.157,1066
CAMP,0.011,44.168,1067
VILLA,0.011,44.180,1068
DYE,0.011,44.191,1069
SPRINGER,0.011,44.202,1070
MAHONEY,0.011,44.214,1071
DAILEY,0.011,44.225,1072
BELCHER,0.011,44.236,1073
LOCKHART,0.011,44.248,1074
GRIGGS,0.011,44.259,1075
COSTA,0.011,44.270,1076
CONNOR,0.011,44.281,1077
BRANDT,0.011,44.293,1078
WINTER,0.011,44.304,1079
WALDEN,0.011,44.315,1080
MOSER,0.011,44.326,1081
TRACY,0.011,44.338,1082
TATUM,0.011,44.349,1083
MCCANN,0.011,44.360,1084
AKERS,0.011,44.371,1085
LUTZ,0.011,44.382,1086
PRYOR,0.011,44.393,1087
LAW,0.011,44.404,1088
OROZCO,0.011,44.415,1089
MCALLISTER,0.011,44.427,1090
LUGO,0.011,44.438,1091
DAVIES,0.011,44.449,1092
SHOEMAKER,0.011,44.460,1093
MADISON,0.011,44.471,1094
RUTHERFORD,0.011,44.482,1095
NEWSOME,0.011,44.493,1096
MAGEE,0.011,44.504,1097
CHAMBERLAIN,0.011,44.515,1098
BLANTON,0.011,44.526,1099
SIMMS,0.011,44.537,1100
GODFREY,0.011,44.548,1101
FLANAGAN,0.011,44.559,1102
CRUM,0.011,44.570,1103
CORDOVA,0.011,44.581,1104
ESCOBAR,0.011,44.592,1105
DOWNING,0.011,44.603,1106
SINCLAIR,0.011,44.614,1107
DONAHUE,0.011,44.625,1108
KRUEGER,0.011,44.636,1109
MCGINNIS,0.011,44.647,1110
GORE,0.011,44.658,1111
FARRIS,0.011,44.669,1112
WEBBER,0.011,44.680,1113
CORBETT,0.011,44.691,1114
ANDRADE,0.011,44.701,1115
STARR,0.011,44.712,1116
LYON,0.011,44.723,1117
YODER,0.011,44.734,1118
HASTINGS,0.011,44.745,1119
MCGRATH,0.011,44.756,1120
SPIVEY,0.011,44.767,1121
KRAUSE,0.011,44.778,1122
HARDEN,0.011,44.788,1123
CRABTREE,0.011,44.799,1124
KIRKPATRICK,0.011,44.810,1125
HOLLIS,0.011,44.821,1126
BRANDON,0.011,44.832,1127
ARRINGTON,0.011,44.843,1128
ERVIN,0.011,44.853,1129
CLIFTON,0.011,44.864,1130
RITTER,0.011,44.875,1131
MCGHEE,0.011,44.886,1132
BOLDEN,0.011,44.897,1133
MALONEY,0.011,44.907,1134
GAGNON,0.011,44.918,1135
DUNBAR,0.011,44.929,1136
PONCE,0.011,44.940,1137
PIKE,0.011,44.950,1138
MAYES,0.011,44.961,1139
HEARD,0.011,44.972,1140
BEATTY,0.011,44.983,1141
MOBLEY,0.011,44.993,1142
KIMBALL,0.011,45.004,1143
BUTTS,0.011,45.015,1144
MONTES,0.011,45.026,1145
HERBERT,0.011,45.036,1146
GRADY,0.011,45.047,1147
ELDRIDGE,0.011,45.058,1148
BRAUN,0.011,45.068,1149
HAMM,0.011,45.079,1150
GIBBONS,0.011,45.090,1151
SEYMOUR,0.011,45.100,1152
MOYER,0.011,45.111,1153
MANLEY,0.011,45.122,1154
HERRON,0.011,45.132,1155
PLUMMER,0.011,45.143,1156
ELMORE,0.011,45.153,1157
CRAMER,0.011,45.164,1158
GARY,0.011,45.175,1159
RUCKER,0.011,45.185,1160
HILTON,0.011,45.196,1161
BLUE,0.011,45.206,1162
PIERSON,0.011,45.217,1163
FONTENOT,0.011,45.227,1164
FIELD,0.011,45.238,1165
RUBIO,0.011,45.248,1166
GRACE,0.011,45.259,1167
GOLDSTEIN,0.011,45.269,1168
ELKINS,0.011,45.280,1169
WILLS,0.010,45.290,1170
NOVAK,0.010,45.301,1171
JOHN,0.010,45.311,1172
HICKEY,0.010,45.322,1173
WORLEY,0.010,45.332,1174
GORMAN,0.010,45.343,1175
KATZ,0.010,45.353,1176
DICKINSON,0.010,45.364,1177
BROUSSARD,0.010,45.374,1178
FRITZ,0.010,45.384,1179
WOODRUFF,0.010,45.395,1180
CROW,0.010,45.405,1181
CHRISTOPHER,0.010,45.416,1182
BRITTON,0.010,45.426,1183
FORREST,0.010,45.436,1184
NANCE,0.010,45.447,1185
LEHMAN,0.010,45.457,1186
BINGHAM,0.010,45.467,1187
ZUNIGA,0.010,45.478,1188
WHALEY,0.010,45.488,1189
SHAFER,0.010,45.498,1190
COFFMAN,0.010,45.509,1191
STEWARD,0.010,45.519,1192
DELAROSA,0.010,45.529,1193
NIX,0.010,45.540,1194
NEELY,0.010,45.550,1195
NUMBERS,0.010,45.560,1196
MATA,0.010,45.571,1197
MANUEL,0.010,45.581,1198
DAVILA,0.010,45.591,1199
MCCABE,0.010,45.601,1200
KESSLER,0.010,45.612,1201
EMERY,0.010,45.622,1202
BOWLING,0.010,45.632,1203
HINKLE,0.010,45.643,1204
WELSH,0.010,45.653,1205
PAGAN,0.010,45.663,1206
GOLDBERG,0.010,45.673,1207
GOINS,0.010,45.683,1208
CROUCH,0.010,45.694,1209
CUEVAS,0.010,45.704,1210
QUINONES,0.010,45.714,1211
MCDERMOTT,0.010,45.724,1212
HENDRICKSON,0.010,45.734,1213
SAMUELS,0.010,45.745,1214
DENTON,0.010,45.755,1215
BERGERON,0.010,45.765,1216
LAM,0.010,45.775,1217
IVEY,0.010,45.785,1218
LOCKE,0.010,45.795,1219
HAINES,0.010,45.805,1220
THURMAN,0.010,45.815,1221
SNELL,0.010,45.825,1222
HOSKINS,0.010,45.836,1223
BYRNE,0.010,45.846,1224
MILTON,0.010,45.856,1225
WINSTON,0.010,45.866,1226
ARTHUR,0.010,45.876,1227
ARIAS,0.010,45.886,1228
STANFORD,0.010,45.896,1229
ROE,0.010,45.906,1230
CORBIN,0.010,45.916,1231
BELTRAN,0.010,45.926,1232
CHAPPELL,0.010,45.936,1233
HURT,0.010,45.946,1234
DOWNEY,0.010,45.956,1235
DOOLEY,0.010,45.966,1236
TUTTLE,0.010,45.976,1237
COUCH,0.010,45.986,1238
PAYTON,0.010,45.996,1239
MCELROY,0.010,46.006,1240
CROCKETT,0.010,46.016,1241
GROVES,0.010,46.026,1242
CLEMENT,0.010,46.036,1243
LESLIE,0.010,46.046,1244
CARTWRIGHT,0.010,46.055,1245
DICKEY,0.010,46.065,1246
MCGILL,0.010,46.075,1247
DUBOIS,0.010,46.085,1248
MUNIZ,0.010,46.095,1249
ERWIN,0.010,46.105,1250
SELF,0.010,46.115,1251
TOLBERT,0.010,46.125,1252
DEMPSEY,0.010,46.134,1253
CISNEROS,0.010,46.144,1254
SEWELL,0.010,46.154,1255
LATHAM,0.010,46.164,1256
GARLAND,0.010,46.174,1257
VIGIL,0.010,46.183,1258
TAPIA,0.010,46.193,1259
STERLING,0.010,46.203,1260
RAINEY,0.010,46.213,1261
NORWOOD,0.010,46.223,1262
LACY,0.010,46.232,1263
STROUD,0.010,46.242,1264
MEADE,0.010,46.252,1265
AMOS,0.010,46.262,1266
TIPTON,0.010,46.271,1267
LORD,0.010,46.281,1268
KUHN,0.010,46.291,1269
HILLIARD,0.010,46.301,1270
BONILLA,0.010,46.311,1271
TEAGUE,0.010,46.320,1272
COURTNEY,0.010,46.330,1273
GUNN,0.010,46.340,1274
HO,0.010,46.349,1275
GREENWOOD,0.010,46.359,1276
CORREA,0.010,46.369,1277
REECE,0.010,46.378,1278
WESTON,0.010,46.388,1279
POE,0.010,46.398,1280
TRENT,0.010,46.407,1281
PINEDA,0.010,46.417,1282
PHIPPS,0.010,46.427,1283
FREY,0.010,46.436,1284
KAISER,0.010,46.446,1285
AMES,0.010,46.456,1286
PAIGE,0.010,46.465,1287
GUNTER,0.010,46.475,1288
SCHMITT,0.010,46.484,1289
MILLIGAN,0.010,46.494,1290
ESPINOSA,0.010,46.503,1291
CARLTON,0.010,46.513,1292
BOWDEN,0.010,46.523,1293
VICKERS,0.010,46.532,1294
LOWRY,0.010,46.542,1295
PRITCHARD,0.010,46.551,1296
COSTELLO,0.010,46.561,1297
PIPER,0.009,46.570,1298
MCCLELLAN,0.009,46.580,1299
LOVELL,0.009,46.589,1300
DREW,0.009,46.599,1301
SHEEHAN,0.009,46.608,1302
QUICK,0.009,46.617,1303
HATCH,0.009,46.627,1304
DOBSON,0.009,46.636,1305
SINGH,0.009,46.646,1306
JEFFRIES,0.009,46.655,1307
HOLLINGSWORTH,0.009,46.665,1308
SORENSEN,0.009,46.674,1309
MEZA,0.009,46.684,1310
FINK,0.009,46.693,1311
DONNELLY,0.009,46.702,1312
BURRELL,0.009,46.712,1313
BRUNO,0.009,46.721,1314
TOMLINSON,0.009,46.731,1315
COLBERT,0.009,46.740,1316
BILLINGS,0.009,46.749,1317
RITCHIE,0.009,46.759,1318
HELTON,0.009,46.768,1319
SUTHERLAND,0.009,46.777,1320
PEOPLES,0.009,46.787,1321
MCQUEEN,0.009,46.796,1322
GASTON,0.009,46.806,1323
THOMASON,0.009,46.815,1324
MCKINLEY,0.009,46.824,1325
GIVENS,0.009,46.834,1326
CROCKER,0.009,46.843,1327
VOGEL,0.009,46.852,1328
ROBISON,0.009,46.862,1329
DUNHAM,0.009,46.871,1330
COKER,0.009,46.880,1331
SWARTZ,0.009,46.890,1332
KEYS,0.009,46.899,1333
LILLY,0.009,46.908,1334
LADNER,0.009,46.917,1335
HANNAH,0.009,46.927,1336
WILLARD,0.009,46.936,1337
RICHTER,0.009,46.945,1338
HARGROVE,0.009,46.955,1339
EDMONDS,0.009,46.964,1340
BRANTLEY,0.009,46.973,1341
ALBRIGHT,0.009,46.982,1342
MURDOCK,0.009,46.992,1343
BOSWELL,0.009,47.001,1344
MULLER,0.009,47.010,1345
QUINTERO,0.009,47.019,1346
PADGETT,0.009,47.028,1347
KENNEY,0.009,47.038,1348
DALY,0.009,47.047,1349
CONNOLLY,0.009,47.056,1350
PIERRE,0.009,47.065,1351
INMAN,0.009,47.074,1352
QUINTANA,0.009,47.084,1353
LUND,0.009,47.093,1354
BARNARD,0.009,47.102,1355
VILLEGAS,0.009,47.111,1356
SIMONS,0.009,47.120,1357
LAND,0.009,47.129,1358
HUGGINS,0.009,47.138,1359
TIDWELL,0.009,47.148,1360
SANDERSON,0.009,47.157,1361
BULLARD,0.009,47.166,1362
MCCLENDON,0.009,47.175,1363
DUARTE,0.009,47.184,1364
DRAPER,0.009,47.193,1365
MEREDITH,0.009,47.202,1366
MARRERO,0.009,47.211,1367
DWYER,0.009,47.220,1368
ABRAMS,0.009,47.230,1369
STOVER,0.009,47.239,1370
GOODE,0.009,47.248,1371
FRASER,0.009,47.257,1372
CREWS,0.009,47.266,1373
BERNAL,0.009,47.275,1374
SMILEY,0.009,47.284,1375
GODWIN,0.009,47.293,1376
FISH,0.009,47.302,1377
CONKLIN,0.009,47.311,1378
MCNEAL,0.009,47.320,1379
BACA,0.009,47.329,1380
ESPARZA,0.009,47.338,1381
CROWDER,0.009,47.347,1382
BOWER,0.009,47.356,1383
NICHOLAS,0.009,47.365,1384
CHUNG,0.009,47.374,1385
BREWSTER,0.009,47.383,1386
MCNEILL,0.009,47.392,1387
DICK,0.009,47.401,1388
RODRIGUES,0.009,47.409,1389
LEAL,0.009,47.418,1390
COATES,0.009,47.427,1391
RAINES,0.009,47.436,1392
MCCAIN,0.009,47.445,1393
MCCORD,0.009,47.454,1394
MINER,0.009,47.463,1395
HOLBROOK,0.009,47.472,1396
SWIFT,0.009,47.481,1397
DUKES,0.009,47.489,1398
CARLISLE,0.009,47.498,1399
ALDRIDGE,0.009,47.507,1400
ACKERMAN,0.009,47.516,1401
STARKS,0.009,47.525,1402
RICKS,0.009,47.533,1403
HOLLIDAY,0.009,47.542,1404
FERRIS,0.009,47.551,1405
HAIRSTON,0.009,47.560,1406
SHEFFIELD,0.009,47.569,1407
LANGE,0.009,47.577,1408
FOUNTAIN,0.009,47.586,1409
MARINO,0.009,47.595,1410
DOSS,0.009,47.604,1411
BETTS,0.009,47.612,1412
KAPLAN,0.009,47.621,1413
CARMICHAEL,0.009,47.630,1414
BLOOM,0.009,47.639,1415
RUFFIN,0.009,47.647,1416
PENN,0.009,47.656,1417
KERN,0.009,47.665,1418
BOWLES,0.009,47.673,1419
SIZEMORE,0.009,47.682,1420
LARKIN,0.009,47.691,1421
DUPREE,0.009,47.699,1422
JEWELL,0.009,47.708,1423
SILVER,0.009,47.717,1424
SEALS,0.009,47.726,1425
METCALF,0.009,47.734,1426
HUTCHISON,0.009,47.743,1427
HENLEY,0.009,47.751,1428
FARR,0.009,47.760,1429
CASTLE,0.009,47.769,1430
MCCAULEY,0.009,47.777,1431
HANKINS,0.009,47.786,1432
GUSTAFSON,0.009,47.795,1433
DEAL,0.009,47.803,1434
CURRAN,0.009,47.812,1435
ASH,0.009,47.821,1436
WADDELL,0.009,47.829,1437
RAMEY,0.009,47.838,1438
CATES,0.009,47.847,1439
POLLOCK,0.009,47.855,1440
MAJOR,0.009,47.864,1441
IRVIN,0.009,47.872,1442
CUMMINS,0.009,47.881,1443
MESSER,0.009,47.890,1444
HELLER,0.009,47.898,1445
DEWITT,0.009,47.907,1446
LIN,0.009,47.915,1447
FUNK,0.009,47.924,1448
CORNETT,0.009,47.932,1449
PALACIOS,0.009,47.941,1450
GALINDO,0.009,47.949,1451
CANO,0.009,47.958,1452
HATHAWAY,0.009,47.966,1453
SINGER,0.008,47.975,1454
PHAM,0.008,47.983,1455
ENRIQUEZ,0.008,47.992,1456
AARON,0.008,48.000,1457
SALGADO,0.008,48.009,1458
PELLETIER,0.008,48.017,1459
PAINTER,0.008,48.026,1460
WISEMAN,0.008,48.034,1461
BLOUNT,0.008,48.043,1462
HAND,0.008,48.051,1463
FELICIANO,0.008,48.059,1464
TEMPLE,0.008,48.068,1465
HOUSER,0.008,48.076,1466
DOHERTY,0.008,48.085,1467
MEAD,0.008,48.093,1468
MCGRAW,0.008,48.101,1469
TONEY,0.008,48.110,1470
SWAN,0.008,48.118,1471
MELVIN,0.008,48.126,1472
CAPPS,0.008,48.135,1473
BLANCO,0.008,48.143,1474
BLACKMON,0.008,48.152,1475
WESLEY,0.008,48.160,1476
THOMSON,0.008,48.168,1477
MCMANUS,0.008,48.177,1478
FAIR,0.008,48.185,1479
BURKETT,0.008,48.193,1480
POST,0.008,48.202,1481
GLEASON,0.008,48.210,1482
RUDOLPH,0.008,48.218,1483
OTT,0.008,48.227,1484
DICKENS,0.008,48.235,1485
CORMIER,0.008,48.243,1486
VOSS,0.008,48.251,1487
RUSHING,0.008,48.260,1488
ROSENBERG,0.008,48.268,1489
HURD,0.008,48.276,1490
DUMAS,0.008,48.285,1491
BENITEZ,0.008,48.293,1492
ARELLANO,0.008,48.301,1493
STORY,0.008,48.309,1494
MARIN,0.008,48.318,1495
CAUDILL,0.008,48.326,1496
BRAGG,0.008,48.334,1497
JARAMILLO,0.008,48.343,1498
HUERTA,0.008,48.351,1499
GIPSON,0.008,48.359,1500
COLVIN,0.008,48.367,1501
BIGGS,0.008,48.376,1502
VELA,0.008,48.384,1503
PLATT,0.008,48.392,1504
CASSIDY,0.008,48.400,1505
TOMPKINS,0.008,48.408,1506
MCCOLLUM,0.008,48.417,1507
KAY,0.008,48.425,1508
GABRIEL,0.008,48.433,1509
DOLAN,0.008,48.441,1510
DALEY,0.008,48.450,1511
CRUMP,0.008,48.458,1512
STREET,0.008,48.466,1513
SNEED,0.008,48.474,1514
KILGORE,0.008,48.482,1515
GROVE,0.008,48.491,1516
GRIMM,0.008,48.499,1517
DAVISON,0.008,48.507,1518
BRUNSON,0.008,48.515,1519
PRATER,0.008,48.523,1520
MARCUM,0.008,48.531,1521
DEVINE,0.008,48.540,1522
KYLE,0.008,48.548,1523
DODGE,0.008,48.556,1524
STRATTON,0.008,48.564,1525
ROSAS,0.008,48.572,1526
CHOI,0.008,48.580,1527
TRIPP,0.008,48.589,1528
LEDBETTER,0.008,48.597,1529
LAY,0.008,48.605,1530
HIGHTOWER,0.008,48.613,1531
HAYWOOD,0.008,48.621,1532
FELDMAN,0.008,48.629,1533
EPPS,0.008,48.637,1534
YEAGER,0.008,48.645,1535
POSEY,0.008,48.653,1536
SYLVESTER,0.008,48.662,1537
SCRUGGS,0.008,48.670,1538
COPE,0.008,48.678,1539
STUBBS,0.008,48.686,1540
RICHEY,0.008,48.694,1541
OVERTON,0.008,48.702,1542
TROTTER,0.008,48.710,1543
SPRAGUE,0.008,48.718,1544
CORDERO,0.008,48.726,1545
BUTCHER,0.008,48.734,1546
BURGER,0.008,48.742,1547
STILES,0.008,48.750,1548
BURGOS,0.008,48.758,1549
WOODSON,0.008,48.766,1550
HORNER,0.008,48.774,1551
BASSETT,0.008,48.782,1552
PURCELL,0.008,48.790,1553
HASKINS,0.008,48.798,1554
GEE,0.008,48.806,1555
AKINS,0.008,48.814,1556
ABRAHAM,0.008,48.823,1557
HOYT,0.008,48.830,1558
ZIEGLER,0.008,48.838,1559
SPAULDING,0.008,48.846,1560
HADLEY,0.008,48.854,1561
GRUBBS,0.008,48.862,1562
SUMNER,0.008,48.870,1563
MURILLO,0.008,48.878,1564
ZAVALA,0.008,48.886,1565
SHOOK,0.008,48.894,1566
LOCKWOOD,0.008,48.902,1567
JARRETT,0.008,48.910,1568
DRISCOLL,0.008,48.918,1569
DAHL,0.008,48.926,1570
THORPE,0.008,48.934,1571
SHERIDAN,0.008,48.942,1572
REDMOND,0.008,48.949,1573
PUTNAM,0.008,48.957,1574
MCWILLIAMS,0.008,48.965,1575
MCRAE,0.008,48.973,1576
CORNELL,0.008,48.981,1577
FELTON,0.008,48.989,1578
ROMANO,0.008,48.997,1579
JOINER,0.008,49.005,1580
SADLER,0.008,49.012,1581
HEDRICK,0.008,49.020,1582
HAGER,0.008,49.028,1583
HAGEN,0.008,49.036,1584
FITCH,0.008,49.044,1585
COULTER,0.008,49.052,1586
THACKER,0.008,49.059,1587
MANSFIELD,0.008,49.067,1588
LANGSTON,0.008,49.075,1589
GUIDRY,0.008,49.083,1590
FERREIRA,0.008,49.091,1591
CORLEY,0.008,49.098,1592
CONN,0.008,49.106,1593
ROSSI,0.008,49.114,1594
LACKEY,0.008,49.122,1595
CODY,0.008,49.130,1596
BAEZ,0.008,49.137,1597
SAENZ,0.008,49.145,1598
MCNAMARA,0.008,49.153,1599
DARNELL,0.008,49.160,1600
MICHEL,0.008,49.168,1601
MCMULLEN,0.008,49.176,1602
MCKENNA,0.008,49.184,1603
MCDONOUGH,0.008,49.191,1604
LINK,0.008,49.199,1605
ENGEL,0.008,49.207,1606
BROWNE,0.008,49.215,1607
ROPER,0.008,49.222,1608
PEACOCK,0.008,49.230,1609
EUBANKS,0.008,49.238,1610
DRUMMOND,0.008,49.245,1611
STRINGER,0.008,49.253,1612
PRITCHETT,0.008,49.261,1613
PARHAM,0.008,49.268,1614
MIMS,0.008,49.276,1615
LANDERS,0.008,49.284,1616
HAM,0.008,49.291,1617
GRAYSON,0.008,49.299,1618
STACY,0.008,49.307,1619
SCHAFER,0.008,49.314,1620
EGAN,0.008,49.322,1621
TIMMONS,0.008,49.330,1622
OHARA,0.008,49.337,1623
KEEN,0.008,49.345,1624
HAMLIN,0.008,49.353,1625
FINN,0.008,49.360,1626
CORTES,0.008,49.368,1627
MCNAIR,0.008,49.376,1628
LOUIS,0.008,49.383,1629
CLIFFORD,0.008,49.391,1630
NADEAU,0.008,49.398,1631
MOSELEY,0.008,49.406,1632
MICHAUD,0.008,49.414,1633
ROSEN,0.008,49.421,1634
OAKES,0.008,49.429,1635
KURTZ,0.008,49.436,1636
JEFFERS,0.008,49.444,1637
CALLOWAY,0.008,49.452,1638
BEAL,0.008,49.459,1639
BAUTISTA,0.008,49.467,1640
WINN,0.008,49.474,1641
SUGGS,0.008,49.482,1642
STERN,0.008,49.490,1643
STAPLETON,0.008,49.497,1644
LYLES,0.008,49.505,1645
LAIRD,0.008,49.512,1646
MONTANO,0.008,49.520,1647
DIAMOND,0.008,49.527,1648
DAWKINS,0.008,49.535,1649
ROLAND,0.008,49.543,1650
HAGAN,0.008,49.550,1651
GOLDMAN,0.008,49.558,1652
BRYSON,0.008,49.565,1653
BARAJAS,0.008,49.573,1654
LOVETT,0.008,49.580,1655
SEGURA,0.008,49.588,1656
METZ,0.008,49.595,1657
LOCKETT,0.008,49.603,1658
LANGFORD,0.008,49.610,1659
HINSON,0.008,49.618,1660
EASTMAN,0.008,49.625,1661
ROCK,0.008,49.633,1662
HOOKS,0.008,49.640,1663
WOODY,0.007,49.648,1664
SMALLWOOD,0.007,49.655,1665
SHAPIRO,0.007,49.663,1666
CROWELL,0.007,49.670,1667
WHALEN,0.007,49.678,1668
TRIPLETT,0.007,49.685,1669
HOOKER,0.007,49.693,1670
CHATMAN,0.007,49.700,1671
ALDRICH,0.007,49.708,1672
CAHILL,0.007,49.715,1673
YOUNGBLOOD,0.007,49.723,1674
YBARRA,0.007,49.730,1675
STALLINGS,0.007,49.738,1676
SHEETS,0.007,49.745,1677
SAMUEL,0.007,49.752,1678
REEDER,0.007,49.760,1679
PERSON,0.007,49.767,1680
PACK,0.007,49.775,1681
LACEY,0.007,49.782,1682
CONNELLY,0.007,49.790,1683
BATEMAN,0.007,49.797,1684
ABERNATHY,0.007,49.804,1685
WINKLER,0.007,49.812,1686
WILKES,0.007,49.819,1687
MASTERS,0.007,49.827,1688
HACKETT,0.007,49.834,1689
GRANGER,0.007,49.841,1690
GILLIS,0.007,49.849,1691
SCHMITZ,0.007,49.856,1692
SAPP,0.007,49.863,1693
NAPIER,0.007,49.871,1694
SOUZA,0.007,49.878,1695
LANIER,0.007,49.886,1696
GOMES,0.007,49.893,1697
WEIR,0.007,49.900,1698
OTERO,0.007,49.908,1699
LEDFORD,0.007,49.915,1700
BURROUGHS,0.007,49.922,1701
BABCOCK,0.007,49.930,1702
VENTURA,0.007,49.937,1703
SIEGEL,0.007,49.944,1704
DUGAN,0.007,49.952,1705
CLINTON,0.007,49.959,1706
CHRISTIE,0.007,49.966,1707
BLEDSOE,0.007,49.974,1708
ATWOOD,0.007,49.981,1709
WRAY,0.007,49.988,1710
VARNER,0.007,49.996,1711
SPANGLER,0.007,50.003,1712
OTTO,0.007,50.010,1713
ANAYA,0.007,50.017,1714
STALEY,0.007,50.025,1715
KRAFT,0.007,50.032,1716
FOURNIER,0.007,50.039,1717
EDDY,0.007,50.047,1718
BELANGER,0.007,50.054,1719
WOLFF,0.007,50.061,1720
THORNE,0.007,50.069,1721
BYNUM,0.007,50.076,1722
BURNETTE,0.007,50.083,1723
BOYKIN,0.007,50.090,1724
SWENSON,0.007,50.098,1725
PURVIS,0.007,50.105,1726
PINA,0.007,50.112,1727
KHAN,0.007,50.119,1728
DUVALL,0.007,50.127,1729
DARBY,0.007,50.134,1730
XIONG,0.007,50.141,1731
KAUFFMAN,0.007,50.148,1732
ALI,0.007,50.156,1733
YU,0.007,50.163,1734
HEALY,0.007,50.170,1735
ENGLE,0.007,50.177,1736
CORONA,0.007,50.185,1737
BENOIT,0.007,50.192,1738
VALLE,0.007,50.199,1739
STEINER,0.007,50.206,1740
SPICER,0.007,50.214,1741
SHAVER,0.007,50.221,1742
RANDLE,0.007,50.228,1743
LUNDY,0.007,50.235,1744
DOW,0.007,50.242,1745
CHIN,0.007,50.250,1746
CALVERT,0.007,50.257,1747
STATON,0.007,50.264,1748
NEFF,0.007,50.271,1749
KEARNEY,0.007,50.278,1750
DARDEN,0.007,50.286,1751
OAKLEY,0.007,50.293,1752
MEDEIROS,0.007,50.300,1753
MCCRACKEN,0.007,50.307,1754
CRENSHAW,0.007,50.314,1755
BLOCK,0.007,50.322,1756
BEAVER,0.007,50.329,1757
PERDUE,0.007,50.336,1758
DILL,0.007,50.343,1759
WHITTAKER,0.007,50.350,1760
TOBIN,0.007,50.357,1761
CORNELIUS,0.007,50.365,1762
WASHBURN,0.007,50.372,1763
HOGUE,0.007,50.379,1764
GOODRICH,0.007,50.386,1765
EASLEY,0.007,50.393,1766
BRAVO,0.007,50.400,1767
DENNISON,0.007,50.407,1768
VERA,0.007,50.414,1769
SHIPLEY,0.007,50.422,1770
KERNS,0.007,50.429,1771
JORGENSEN,0.007,50.436,1772
CRAIN,0.007,50.443,1773
ABEL,0.007,50.450,1774
VILLALOBOS,0.007,50.457,1775
MAURER,0.007,50.464,1776
LONGORIA,0.007,50.471,1777
KEENE,0.007,50.478,1778
COON,0.007,50.485,1779
SIERRA,0.007,50.492,1780
WITHERSPOON,0.007,50.499,1781
STAPLES,0.007,50.506,1782
PETTIT,0.007,50.513,1783
KINCAID,0.007,50.520,1784
EASON,0.007,50.528,1785
MADRID,0.007,50.535,1786
ECHOLS,0.007,50.542,1787
LUSK,0.007,50.549,1788
WU,0.007,50.556,1789
STAHL,0.007,50.563,1790
CURRIE,0.007,50.570,1791
THAYER,0.007,50.577,1792
SHULTZ,0.007,50.584,1793
SHERWOOD,0.007,50.591,1794
MCNALLY,0.007,50.598,1795
SEAY,0.007,50.604,1796
NORTH,0.007,50.611,1797
MAHER,0.007,50.618,1798
KENNY,0.007,50.625,1799
HOPE,0.007,50.632,1800
GAGNE,0.007,50.639,1801
BARROW,0.007,50.646,1802
NAVA,0.007,50.653,1803
MYLES,0.007,50.660,1804
MORELAND,0.007,50.667,1805
HONEYCUTT,0.007,50.674,1806
HEARN,0.007,50.681,1807
DIGGS,0.007,50.688,1808
CARON,0.007,50.695,1809
WHITTEN,0.007,50.702,1810
WESTBROOK,0.007,50.709,1811
STOVALL,0.007,50.716,1812
RAGLAND,0.007,50.723,1813
QUEEN,0.007,50.730,1814
MUNSON,0.007,50.736,1815
MEIER,0.007,50.743,1816
LOONEY,0.007,50.750,1817
KIMBLE,0.007,50.757,1818
JOLLY,0.007,50.764,1819
HOBSON,0.007,50.771,1820
LONDON,0.007,50.778,1821
GODDARD,0.007,50.785,1822
CULVER,0.007,50.792,1823
BURR,0.007,50.799,1824
PRESLEY,0.007,50.806,1825
NEGRON,0.007,50.813,1826
CONNELL,0.007,50.819,1827
TOVAR,0.007,50.826,1828
MARCUS,0.007,50.833,1829
HUDDLESTON,0.007,50.840,1830
HAMMER,0.007,50.847,1831
ASHBY,0.007,50.854,1832
SALTER,0.007,50.861,1833
ROOT,0.007,50.868,1834
PENDLETON,0.007,50.875,1835
OLEARY,0.007,50.881,1836
NICKERSON,0.007,50.888,1837
MYRICK,0.007,50.895,1838
JUDD,0.007,50.902,1839
JACOBSEN,0.007,50.909,1840
ELLIOT,0.007,50.916,1841
BAIN,0.007,50.923,1842
ADAIR,0.007,50.929,1843
STARNES,0.007,50.936,1844
SHELDON,0.007,50.943,1845
MATOS,0.007,50.950,1846
LIGHT,0.007,50.957,1847
BUSBY,0.007,50.964,1848
HERNDON,0.007,50.971,1849
HANLEY,0.007,50.977,1850
BELLAMY,0.007,50.984,1851
JACK,0.007,50.991,1852
DOTY,0.007,50.998,1853
BARTLEY,0.007,51.005,1854
YAZZIE,0.007,51.011,1855
ROWELL,0.007,51.018,1856
PARSON,0.007,51.025,1857
GIFFORD,0.007,51.032,1858
CULLEN,0.007,51.039,1859
CHRISTIANSEN,0.007,51.045,1860
BENAVIDES,0.007,51.052,1861
BARNHART,0.007,51.059,1862
TALBOT,0.007,51.066,1863
MOCK,0.007,51.072,1864
CRANDALL,0.007,51.079,1865
CONNORS,0.007,51.086,1866
BONDS,0.007,51.093,1867
WHITT,0.007,51.099,1868
GAGE,0.007,51.106,1869
BERGMAN,0.007,51.113,1870
ARREDONDO,0.007,51.120,1871
ADDISON,0.007,51.126,1872
MARION,0.007,51.133,1873
LUJAN,0.007,51.140,1874
DOWDY,0.007,51.147,1875
JERNIGAN,0.007,51.153,1876
HUYNH,0.007,51.160,1877
BOUCHARD,0.007,51.167,1878
DUTTON,0.007,51.173,1879
RHOADES,0.007,51.180,1880
OUELLETTE,0.007,51.187,1881
KISER,0.007,51.193,1882
RUBIN,0.007,51.200,1883
HERRINGTON,0.007,51.207,1884
HARE,0.007,51.213,1885
DENNY,0.007,51.220,1886
BLACKMAN,0.007,51.227,1887
BABB,0.007,51.233,1888
ALLRED,0.007,51.240,1889
RUDD,0.007,51.247,1890
PAULSON,0.007,51.253,1891
OGDEN,0.007,51.260,1892
KOENIG,0.007,51.267,1893
JACOB,0.007,51.273,1894
IRVING,0.007,51.280,1895
GEIGER,0.007,51.287,1896
BEGAY,0.007,51.293,1897
PARRA,0.007,51.300,1898
CHAMPION,0.007,51.306,1899
LASSITER,0.007,51.313,1900
HAWK,0.007,51.320,1901
ESPOSITO,0.007,51.326,1902
CHO,0.007,51.333,1903
WALDRON,0.007,51.340,1904
VERNON,0.007,51.346,1905
RANSOM,0.007,51.353,1906
PRATHER,0.007,51.359,1907
KEENAN,0.007,51.366,1908
JEAN,0.007,51.373,1909
GROVER,0.007,51.379,1910
CHACON,0.007,51.386,1911
VICK,0.007,51.392,1912
SANDS,0.007,51.399,1913
ROARK,0.007,51.405,1914
PARR,0.007,51.412,1915
MAYBERRY,0.007,51.419,1916
GREENBERG,0.007,51.425,1917
COLEY,0.007,51.432,1918
BRUNER,0.007,51.438,1919
WHITMAN,0.007,51.445,1920
SKAGGS,0.007,51.451,1921
SHIPMAN,0.007,51.458,1922
MEANS,0.007,51.465,1923
LEARY,0.007,51.471,1924
HUTTON,0.007,51.478,1925
ROMO,0.007,51.484,1926
MEDRANO,0.007,51.491,1927
LADD,0.007,51.497,1928
KRUSE,0.007,51.504,1929
FRIEND,0.007,51.511,1930
DARLING,0.007,51.517,1931
ASKEW,0.007,51.524,1932
VALENTIN,0.007,51.530,1933
SCHULZ,0.007,51.537,1934
ALFARO,0.007,51.543,1935
TABOR,0.007,51.550,1936
MOHR,0.007,51.556,1937
GALLO,0.007,51.563,1938
BERMUDEZ,0.007,51.569,1939
PEREIRA,0.007,51.576,1940
ISAAC,0.007,51.582,1941
BLISS,0.007,51.589,1942
REAVES,0.006,51.595,1943
FLINT,0.006,51.602,1944
COMER,0.006,51.608,1945
BOSTON,0.006,51.615,1946
WOODALL,0.006,51.621,1947
NAQUIN,0.006,51.628,1948
GUEVARA,0.006,51.634,1949
EARL,0.006,51.641,1950
DELONG,0.006,51.647,1951
CARRIER,0.006,51.654,1952
PICKENS,0.006,51.660,1953
BRAND,0.006,51.666,1954
TILLEY,0.006,51.673,1955
SCHAFFER,0.006,51.679,1956
READ,0.006,51.686,1957
LIM,0.006,51.692,1958
KNUTSON,0.006,51.699,1959
FENTON,0.006,51.705,1960
DORAN,0.006,51.712,1961
CHU,0.006,51.718,1962
VOGT,0.006,51.724,1963
VANN,0.006,51.731,1964
PRESCOTT,0.006,51.737,1965
MCLAIN,0.006,51.744,1966
LANDIS,0.006,51.750,1967
CORCORAN,0.006,51.757,1968
AMBROSE,0.006,51.763,1969
ZAPATA,0.006,51.769,1970
HYATT,0.006,51.776,1971
HEMPHILL,0.006,51.782,1972
FAULK,0.006,51.789,1973
CALL,0.006,51.795,1974
DOVE,0.006,51.801,1975
BOUDREAUX,0.006,51.808,1976
ARAGON,0.006,51.814,1977
WHITLOCK,0.006,51.821,1978
TREJO,0.006,51.827,1979
TACKETT,0.006,51.833,1980
SHEARER,0.006,51.840,1981
SALDANA,0.006,51.846,1982
HANKS,0.006,51.852,1983
GOLD,0.006,51.859,1984
DRIVER,0.006,51.865,1985
MCKINNON,0.006,51.871,1986
KOEHLER,0.006,51.878,1987
CHAMPAGNE,0.006,51.884,1988
BOURGEOIS,0.006,51.891,1989
POOL,0.006,51.897,1990
KEYES,0.006,51.903,1991
GOODSON,0.006,51.910,1992
FOOTE,0.006,51.916,1993
EARLY,0.006,51.922,1994
LUNSFORD,0.006,51.929,1995
GOLDSMITH,0.006,51.935,1996
FLOOD,0.006,51.941,1997
WINSLOW,0.006,51.948,1998
SAMS,0.006,51.954,1999
REAGAN,0.006,51.960,2000
MCCLOUD,0.006,51.967,2001
HOUGH,0.006,51.973,2002
ESQUIVEL,0.006,51.979,2003
NAYLOR,0.006,51.985,2004
LOOMIS,0.006,51.992,2005
CORONADO,0.006,51.998,2006
LUDWIG,0.006,52.004,2007
BRASWELL,0.006,52.011,2008
BEARDEN,0.006,52.017,2009
SHERRILL,0.006,52.023,2010
HUANG,0.006,52.029,2011
FAGAN,0.006,52.036,2012
EZELL,0.006,52.042,2013
EDMONDSON,0.006,52.048,2014
CYR,0.006,52.054,2015
CRONIN,0.006,52.061,2016
NUNN,0.006,52.067,2017
LEMON,0.006,52.073,2018
GUILLORY,0.006,52.079,2019
GRIER,0.006,52.086,2020
DUBOSE,0.006,52.092,2021
TRAYLOR,0.006,52.098,2022
RYDER,0.006,52.104,2023
DOBBINS,0.006,52.111,2024
COYLE,0.006,52.117,2025
APONTE,0.006,52.123,2026
WHITMORE,0.006,52.129,2027
SMALLS,0.006,52.136,2028
ROWAN,0.006,52.142,2029
MALLOY,0.006,52.148,2030
CARDONA,0.006,52.154,2031
BRAXTON,0.006,52.160,2032
BORDEN,0.006,52.167,2033
HUMPHRIES,0.006,52.173,2034
CARRASCO,0.006,52.179,2035
RUFF,0.006,52.185,2036
METZGER,0.006,52.191,2037
HUNTLEY,0.006,52.198,2038
HINOJOSA,0.006,52.204,2039
FINNEY,0.006,52.210,2040
MADSEN,0.006,52.216,2041
HONG,0.006,52.222,2042
HILLS,0.006,52.228,2043
ERNST,0.006,52.235,2044
DOZIER,0.006,52.241,2045
BURKHART,0.006,52.247,2046
BOWSER,0.006,52.253,2047
PERALTA,0.006,52.259,2048
DAIGLE,0.006,52.265,2049
WHITTINGTON,0.006,52.272,2050
SORENSON,0.006,52.278,2051
SAUCEDO,0.006,52.284,2052
ROCHE,0.006,52.290,2053
REDDING,0.006,52.296,2054
LOYD,0.006,52.302,2055
FUGATE,0.006,52.308,2056
AVALOS,0.006,52.315,2057
WAITE,0.006,52.321,2058
LIND,0.006,52.327,2059
HUSTON,0.006,52.333,2060
HAY,0.006,52.339,2061
BENEDICT,0.006,52.345,2062
HAWTHORNE,0.006,52.351,2063
HAMBY,0.006,52.357,2064
BOYLES,0.006,52.363,2065
BOLES,0.006,52.370,2066
REGAN,0.006,52.376,2067
FAUST,0.006,52.382,2068
CROOK,0.006,52.388,2069
BEAM,0.006,52.394,2070
BARGER,0.006,52.400,2071
HINDS,0.006,52.406,2072
GALLARDO,0.006,52.412,2073
ELIAS,0.006,52.418,2074
WILLOUGHBY,0.006,52.424,2075
WILLINGHAM,0.006,52.430,2076
WILBURN,0.006,52.436,2077
ECKERT,0.006,52.442,2078
BUSCH,0.006,52.448,2079
ZEPEDA,0.006,52.455,2080
WORTHINGTON,0.006,52.461,2081
TINSLEY,0.006,52.467,2082
RUSS,0.006,52.473,2083
LI,0.006,52.479,2084
HOFF,0.006,52.485,2085
HAWLEY,0.006,52.491,2086
CARMONA,0.006,52.497,2087
VARELA,0.006,52.503,2088
RECTOR,0.006,52.509,2089
NEWCOMB,0.006,52.515,2090
MALLORY,0.006,52.521,2091
KINSEY,0.006,52.527,2092
DUBE,0.006,52.533,2093
WHATLEY,0.006,52.539,2094
STRANGE,0.006,52.545,2095
RAGSDALE,0.006,52.551,2096
IVY,0.006,52.557,2097
BERNSTEIN,0.006,52.563,2098
BECERRA,0.006,52.569,2099
YOST,0.006,52.575,2100
MATTSON,0.006,52.581,2101
LY,0.006,52.587,2102
FELDER,0.006,52.593,2103
CHEEK,0.006,52.599,2104
LUKE,0.006,52.605,2105
HANDY,0.006,52.611,2106
GROSSMAN,0.006,52.617,2107
GAUTHIER,0.006,52.623,2108
ESCOBEDO,0.006,52.629,2109
BRADEN,0.006,52.635,2110
BECKMAN,0.006,52.641,2111
MOTT,0.006,52.647,2112
HILLMAN,0.006,52.653,2113
GIL,0.006,52.659,2114
FLAHERTY,0.006,52.665,2115
DYKES,0.006,52.671,2116
DOE,0.006,52.677,2117
STOCKTON,0.006,52.683,2118
STEARNS,0.006,52.688,2119
LOFTON,0.006,52.694,2120
KITCHEN,0.006,52.700,2121
COATS,0.006,52.706,2122
CAVAZOS,0.006,52.712,2123
BEAVERS,0.006,52.718,2124
BARRIOS,0.006,52.724,2125
TANG,0.006,52.730,2126
PARISH,0.006,52.736,2127
MOSHER,0.006,52.742,2128
LINCOLN,0.006,52.748,2129
CARDWELL,0.006,52.754,2130
COLES,0.006,52.760,2131
BURNHAM,0.006,52.766,2132
WELLER,0.006,52.772,2133
LEMONS,0.006,52.777,2134
BEEBE,0.006,52.783,2135
AGUILERA,0.006,52.789,2136
RING,0.006,52.795,2137
PARNELL,0.006,52.801,2138
HARMAN,0.006,52.807,2139
COUTURE,0.006,52.813,2140
ALLEY,0.006,52.819,2141
SCHUMACHER,0.006,52.825,2142
REDD,0.006,52.830,2143
DOBBS,0.006,52.836,2144
BLUM,0.006,52.842,2145
BLALOCK,0.006,52.848,2146
MERCHANT,0.006,52.854,2147
ENNIS,0.006,52.860,2148
DENSON,0.006,52.866,2149
COTTRELL,0.006,52.871,2150
CHESTER,0.006,52.877,2151
BRANNON,0.006,52.883,2152
BAGLEY,0.006,52.889,2153
AVILES,0.006,52.895,2154
WATT,0.006,52.901,2155
SOUSA,0.006,52.906,2156
ROSENTHAL,0.006,52.912,2157
ROONEY,0.006,52.918,2158
DIETZ,0.006,52.924,2159
BLANK,0.006,52.930,2160
PAQUETTE,0.006,52.936,2161
MCCLELLAND,0.006,52.941,2162
DUFF,0.006,52.947,2163
VELASCO,0.006,52.953,2164
LENTZ,0.006,52.959,2165
GRUBB,0.006,52.965,2166
BURROWS,0.006,52.970,2167
BARBOUR,0.006,52.976,2168
ULRICH,0.006,52.982,2169
SHOCKLEY,0.006,52.988,2170
RADER,0.006,52.994,2171
GERMAN,0.006,52.999,2172
BEYER,0.006,53.005,2173
MIXON,0.006,53.011,2174
LAYTON,0.006,53.017,2175
ALTMAN,0.006,53.022,2176
ALONZO,0.006,53.028,2177
WEATHERS,0.006,53.034,2178
TITUS,0.006,53.040,2179
STONER,0.006,53.046,2180
SQUIRES,0.006,53.051,2181
SHIPP,0.006,53.057,2182
PRIEST,0.006,53.063,2183
LIPSCOMB,0.006,53.069,2184
CUTLER,0.006,53.074,2185
CABALLERO,0.006,53.080,2186
ZIMMER,0.006,53.086,2187
WILLETT,0.006,53.092,2188
THURSTON,0.006,53.097,2189
STOREY,0.006,53.103,2190
MEDLEY,0.006,53.109,2191
LYLE,0.006,53.114,2192
EPPERSON,0.006,53.120,2193
SHAH,0.006,53.126,2194
MCMILLIAN,0.006,53.132,2195
BAGGETT,0.006,53.137,2196
TORREZ,0.006,53.143,2197
LAWS,0.006,53.149,2198
HIRSCH,0.006,53.155,2199
DENT,0.006,53.160,2200
COREY,0.006,53.166,2201
POIRIER,0.006,53.172,2202
PEACHEY,0.006,53.177,2203
JACQUES,0.006,53.183,2204
FARRAR,0.006,53.189,2205
CREECH,0.006,53.194,2206
BARTH,0.006,53.200,2207
TRIMBLE,0.006,53.206,2208
FRANCE,0.006,53.211,2209
DUPRE,0.006,53.217,2210
ALBRECHT,0.006,53.223,2211
SAMPLE,0.006,53.228,2212
LAWLER,0.006,53.234,2213
CRISP,0.006,53.240,2214
CONROY,0.006,53.245,2215
CHADWICK,0.006,53.251,2216
WETZEL,0.006,53.257,2217
NESBITT,0.006,53.262,2218
MURRY,0.006,53.268,2219
JAMESON,0.006,53.274,2220
WILHELM,0.006,53.279,2221
PATTEN,0.006,53.285,2222
MINTON,0.006,53.291,2223
MATSON,0.006,53.296,2224
KIMBROUGH,0.006,53.302,2225
IVERSON,0.006,53.307,2226
GUINN,0.006,53.313,2227
GALE,0.006,53.319,2228
FORTUNE,0.006,53.324,2229
CROFT,0.006,53.330,2230
TOTH,0.006,53.336,2231
PULLIAM,0.006,53.341,2232
NUGENT,0.006,53.347,2233
NEWBY,0.006,53.352,2234
LITTLEJOHN,0.006,53.358,2235
DIAS,0.006,53.364,2236
CANALES,0.006,53.369,2237
BERNIER,0.006,53.375,2238
BARON,0.006,53.380,2239
BARNEY,0.006,53.386,2240
SINGLETARY,0.006,53.392,2241
RENTERIA,0.006,53.397,2242
PRUETT,0.006,53.403,2243
MCHUGH,0.006,53.408,2244
MABRY,0.006,53.414,2245
LANDRUM,0.006,53.420,2246
BROWER,0.006,53.425,2247
WELDON,0.006,53.431,2248
STODDARD,0.006,53.436,2249
RUTH,0.006,53.442,2250
CAGLE,0.006,53.448,2251
STJOHN,0.006,53.453,2252
SCALES,0.006,53.459,2253
KOHLER,0.006,53.464,2254
KELLOGG,0.006,53.470,2255
HOPSON,0.006,53.475,2256
GANT,0.006,53.481,2257
THARP,0.006,53.486,2258
GANN,0.006,53.492,2259
ZEIGLER,0.006,53.498,2260
PRINGLE,0.006,53.503,2261
HAMMONS,0.006,53.509,2262
FAIRCHILD,0.006,53.514,2263
DEATON,0.006,53.520,2264
CHAVIS,0.006,53.525,2265
CARNES,0.006,53.531,2266
ROWLEY,0.006,53.536,2267
MATLOCK,0.006,53.542,2268
LIBBY,0.006,53.547,2269
KEARNS,0.006,53.553,2270
IRIZARRY,0.006,53.558,2271
CARRINGTON,0.006,53.564,2272
STARKEY,0.006,53.569,2273
PEPPER,0.006,53.575,2274
LOPES,0.006,53.580,2275
JARRELL,0.006,53.586,2276
FAY,0.006,53.591,2277
CRAVEN,0.006,53.597,2278
BEVERLY,0.006,53.602,2279
BAUM,0.006,53.608,2280
SPAIN,0.005,53.613,2281
LITTLEFIELD,0.005,53.619,2282
LINN,0.005,53.624,2283
HUMPHREYS,0.005,53.630,2284
HOOK,0.005,53.635,2285
HIGH,0.005,53.641,2286
ETHERIDGE,0.005,53.646,2287
CUELLAR,0.005,53.652,2288
CHASTAIN,0.005,53.657,2289
CHANCE,0.005,53.663,2290
BUNDY,0.005,53.668,2291
SPEER,0.005,53.674,2292
SKELTON,0.005,53.679,2293
QUIROZ,0.005,53.685,2294
PYLE,0.005,53.690,2295
PORTILLO,0.005,53.696,2296
PONDER,0.005,53.701,2297
MOULTON,0.005,53.706,2298
MACHADO,0.005,53.712,2299
LIU,0.005,53.717,2300
KILLIAN,0.005,53.723,2301
HUTSON,0.005,53.728,2302
HITCHCOCK,0.005,53.734,2303
ELLSWORTH,0.005,53.739,2304
DOWLING,0.005,53.745,2305
CLOUD,0.005,53.750,2306
BURDICK,0.005,53.756,2307
SPANN,0.005,53.761,2308
PEDERSEN,0.005,53.767,2309
LEVIN,0.005,53.772,2310
LEGGETT,0.005,53.778,2311
HAYWARD,0.005,53.783,2312
HACKER,0.005,53.788,2313
DIETRICH,0.005,53.794,2314
BEAULIEU,0.005,53.799,2315
BARKSDALE,0.005,53.805,2316
WAKEFIELD,0.005,53.810,2317
SNOWDEN,0.005,53.816,2318
PARIS,0.005,53.821,2319
BRISCOE,0.005,53.827,2320
BOWIE,0.005,53.832,2321
BERMAN,0.005,53.837,2322
OGLE,0.005,53.843,2323
MCGREGOR,0.005,53.848,2324
LAUGHLIN,0.005,53.854,2325
HELM,0.005,53.859,2326
BURDEN,0.005,53.864,2327
WHEATLEY,0.005,53.870,2328
SCHREIBER,0.005,53.875,2329
PRESSLEY,0.005,53.881,2330
PARRIS,0.005,53.886,2331
NG,0.005,53.892,2332
ALANIZ,0.005,53.897,2333
AGEE,0.005,53.902,2334
URBAN,0.005,53.908,2335
SWANN,0.005,53.913,2336
SNODGRASS,0.005,53.919,2337
SCHUSTER,0.005,53.924,2338
RADFORD,0.005,53.929,2339
MONK,0.005,53.935,2340
MATTINGLY,0.005,53.940,2341
MAIN,0.005,53.945,2342
LAMAR,0.005,53.951,2343
HARP,0.005,53.956,2344
GIRARD,0.005,53.962,2345
CHENEY,0.005,53.967,2346
YANCEY,0.005,53.972,2347
WAGONER,0.005,53.978,2348
RIDLEY,0.005,53.983,2349
LOMBARDO,0.005,53.988,2350
LAU,0.005,53.994,2351
HUDGINS,0.005,53.999,2352
GASKINS,0.005,54.005,2353
DUCKWORTH,0.005,54.010,2354
COE,0.005,54.015,2355
COBURN,0.005,54.021,2356
WILLEY,0.005,54.026,2357
PRADO,0.005,54.031,2358
NEWBERRY,0.005,54.037,2359
MAGANA,0.005,54.042,2360
HAMMONDS,0.005,54.048,2361
ELAM,0.005,54.053,2362
WHIPPLE,0.005,54.058,2363
SLADE,0.005,54.064,2364
SERNA,0.005,54.069,2365
OJEDA,0.005,54.074,2366
LILES,0.005,54.080,2367
DORMAN,0.005,54.085,2368
DIEHL,0.005,54.090,2369
ANGEL,0.005,54.096,2370
UPTON,0.005,54.101,2371
REARDON,0.005,54.106,2372
MICHAELS,0.005,54.112,2373
KELSEY,0.005,54.117,2374
GOETZ,0.005,54.122,2375
ELLER,0.005,54.128,2376
BAUMAN,0.005,54.133,2377
BAER,0.005,54.138,2378
AUGUSTINE,0.005,54.144,2379
LAYNE,0.005,54.149,2380
HUMMEL,0.005,54.154,2381
BRENNER,0.005,54.159,2382
AMAYA,0.005,54.165,2383
ADAMSON,0.005,54.170,2384
ORNELAS,0.005,54.175,2385
DOWELL,0.005,54.181,2386
CLOUTIER,0.005,54.186,2387
CHRISTY,0.005,54.191,2388
CASTELLANOS,0.005,54.197,2389
WING,0.005,54.202,2390
WELLMAN,0.005,54.207,2391
SAYLOR,0.005,54.212,2392
OROURKE,0.005,54.218,2393
MOYA,0.005,54.223,2394
MONTALVO,0.005,54.228,2395
KILPATRICK,0.005,54.234,2396
HARLEY,0.005,54.239,2397
DURBIN,0.005,54.244,2398
SHELL,0.005,54.249,2399
OLDHAM,0.005,54.255,2400
KANG,0.005,54.260,2401
GARVIN,0.005,54.265,2402
FOSS,0.005,54.270,2403
BRANHAM,0.005,54.276,2404
BARTHOLOMEW,0.005,54.281,2405
TEMPLETON,0.005,54.286,2406
MAGUIRE,0.005,54.291,2407
HOLTON,0.005,54.297,2408
ALONSO,0.005,54.302,2409
RIDER,0.005,54.307,2410
MONAHAN,0.005,54.312,2411
MCCORMACK,0.005,54.318,2412
BEATY,0.005,54.323,2413
ANDERS,0.005,54.328,2414
STREETER,0.005,54.333,2415
NIETO,0.005,54.338,2416
NIELSON,0.005,54.344,2417
MOFFETT,0.005,54.349,2418
LANKFORD,0.005,54.354,2419
KEATING,0.005,54.359,2420
HECK,0.005,54.365,2421
GATLIN,0.005,54.370,2422
DELATORRE,0.005,54.375,2423
CALLAWAY,0.005,54.380,2424
ADCOCK,0.005,54.385,2425
WORRELL,0.005,54.391,2426
UNGER,0.005,54.396,2427
ROBINETTE,0.005,54.401,2428
NOWAK,0.005,54.406,2429
JETER,0.005,54.411,2430
BRUNNER,0.005,54.417,2431
ASHTON,0.005,54.422,2432
STEEN,0.005,54.427,2433
PARROTT,0.005,54.432,2434
OVERSTREET,0.005,54.437,2435
NOBLES,0.005,54.443,2436
MONTANEZ,0.005,54.448,2437
LUTHER,0.005,54.453,2438
CLEVENGER,0.005,54.458,2439
BRINKLEY,0.005,54.463,2440
TRAHAN,0.005,54.468,2441
QUARLES,0.005,54.474,2442
PICKERING,0.005,54.479,2443
PEDERSON,0.005,54.484,2444
JANSEN,0.005,54.489,2445
GRANTHAM,0.005,54.494,2446
GILCHRIST,0.005,54.499,2447
CRESPO,0.005,54.505,2448
AIKEN,0.005,54.510,2449
SCHELL,0.005,54.515,2450
SCHAEFFER,0.005,54.520,2451
LORENZ,0.005,54.525,2452
LEYVA,0.005,54.530,2453
HARMS,0.005,54.536,2454
DYSON,0.005,54.541,2455
WALLIS,0.005,54.546,2456
PEASE,0.005,54.551,2457
LEAVITT,0.005,54.556,2458
HYMAN,0.005,54.561,2459
CHENG,0.005,54.566,2460
CAVANAUGH,0.005,54.571,2461
BATTS,0.005,54.577,2462
WARDEN,0.005,54.582,2463
SEAMAN,0.005,54.587,2464
ROCKWELL,0.005,54.592,2465
QUEZADA,0.005,54.597,2466
PAXTON,0.005,54.602,2467
LINDER,0.005,54.607,2468
HOUCK,0.005,54.612,2469
FONTAINE,0.005,54.618,2470
DURANT,0.005,54.623,2471
CARUSO,0.005,54.628,2472
ADLER,0.005,54.633,2473
PIMENTEL,0.005,54.638,2474
MIZE,0.005,54.643,2475
LYTLE,0.005,54.648,2476
DONALD,0.005,54.653,2477
CLEARY,0.005,54.658,2478
CASON,0.005,54.664,2479
ACKER,0.005,54.669,2480
SWITZER,0.005,54.674,2481
SALMON,0.005,54.679,2482
ISAACS,0.005,54.684,2483
HIGGINBOTHAM,0.005,54.689,2484
HAN,0.005,54.694,2485
WATERMAN,0.005,54.699,2486
VANDYKE,0.005,54.704,2487
STAMPER,0.005,54.709,2488
SISK,0.005,54.714,2489
SHULER,0.005,54.719,2490
RIDDICK,0.005,54.724,2491
REDMAN,0.005,54.730,2492
MCMAHAN,0.005,54.735,2493
LEVESQUE,0.005,54.740,2494
HATTON,0.005,54.745,2495
BRONSON,0.005,54.750,2496
BOLLINGER,0.005,54.755,2497
ARNETT,0.005,54.760,2498
OKEEFE,0.005,54.765,2499
GERBER,0.005,54.770,2500
